だ橾貲,Length,Size,望檜,だ橾觼晦,
1Ch001,299,1.87 MB,4:59,1.87 MB,
1Ch002,352,2.21 MB,5:52,2.21 MB,
1Ch003,163,1.03 MB,2:43,1.03 MB,
1Ch004,337,2.14 MB,5:37,2.14 MB,
1Ch005,241,1.55 MB,4:01,1.55 MB,
1Ch006,516,3.28 MB,8:36,3.28 MB,
1Ch007,323,2.05 MB,5:23,2.05 MB,
1Ch008,210,1.34 MB,3:30,1.34 MB,
1Ch009,351,2.25 MB,5:51,2.25 MB,
1Ch010,134,879.83 KB,2:14,879.83 KB,
1Ch011,360,2.30 MB,6:00,2.30 MB,
1Ch012,368,2.35 MB,6:08,2.35 MB,
1Ch013,138,867.71 KB,2:18,867.71 KB,
1Ch014,144,932.57 KB,2:24,932.57 KB,
1Ch015,255,1.61 MB,4:15,1.61 MB,
1Ch016,333,2.09 MB,5:33,2.09 MB,
1Ch017,288,1.81 MB,4:48,1.81 MB,
1Ch018,157,1.00 MB,2:37,1.00 MB,
1Ch019,211,1.35 MB,3:31,1.35 MB,
1Ch020,92,590.47 KB,1:32,590.47 KB,
1Ch021,338,2.16 MB,5:38,2.16 MB,
1Ch022,225,1.39 MB,3:45,1.39 MB,
1Ch023,231,1.48 MB,3:51,1.48 MB,
1Ch024,210,1.35 MB,3:30,1.35 MB,
1Ch025,226,1.45 MB,3:46,1.45 MB,
1Ch026,270,1.70 MB,4:30,1.70 MB,
1Ch027,276,1.77 MB,4:36,1.77 MB,
1Ch028,279,1.76 MB,4:39,1.76 MB,
1Ch029,337,2.10 MB,5:37,2.10 MB,
1Co001,249,1.50 MB,4:09,1.50 MB,
1Co002,148,933.63 KB,2:28,933.63 KB,
1Co003,180,1.10 MB,3:00,1.10 MB,
1Co004,186,1.16 MB,3:06,1.16 MB,
1Co005,119,761.22 KB,1:59,761.22 KB,
1Co006,166,1.01 MB,2:46,1.01 MB,
1Co007,341,2.13 MB,5:41,2.13 MB,
1Co008,106,678.74 KB,1:46,678.74 KB,
1Co009,223,1.40 MB,3:43,1.40 MB,
1Co010,221,1.39 MB,3:41,1.39 MB,
1Co011,240,1.52 MB,4:00,1.52 MB,
1Co012,215,1.33 MB,3:35,1.33 MB,
1Co013,103,652.43 KB,1:43,652.43 KB,
1Co014,296,1.89 MB,4:56,1.89 MB,
1Co015,412,2.59 MB,6:52,2.59 MB,
1Co016,150,975.46 KB,2:30,975.46 KB,
1Jo001,94,561.06 KB,1:34,561.06 KB,
1Jo002,253,1.53 MB,4:13,1.53 MB,
1Jo003,203,1.22 MB,3:23,1.22 MB,
1Jo004,192,1.16 MB,3:12,1.16 MB,
1Jo005,177,1.05 MB,2:57,1.05 MB,
1Ki001,554,3.60 MB,9:14,3.60 MB,
1Ki002,550,3.55 MB,9:10,3.55 MB,
1Ki003,301,1.92 MB,5:01,1.92 MB,
1Ki004,275,1.72 MB,4:35,1.72 MB,
1Ki005,194,1.25 MB,3:14,1.25 MB,
1Ki006,317,1.98 MB,5:17,1.98 MB,
1Ki007,493,3.09 MB,8:13,3.09 MB,
1Ki008,732,4.62 MB,12:12,4.62 MB,
1Ki009,278,1.81 MB,4:38,1.81 MB,
1Ki010,283,1.81 MB,4:43,1.81 MB,
1Ki011,468,3.02 MB,7:48,3.02 MB,
1Ki012,366,2.33 MB,6:06,2.33 MB,
1Ki013,372,2.35 MB,6:12,2.35 MB,
1Ki014,338,2.17 MB,5:38,2.17 MB,
1Ki015,323,2.04 MB,5:23,2.04 MB,
1Ki016,347,2.22 MB,5:47,2.22 MB,
1Ki017,228,1.43 MB,3:48,1.43 MB,
1Ki018,498,3.18 MB,8:18,3.18 MB,
1Ki019,260,1.69 MB,4:20,1.69 MB,
1Ki020,509,3.28 MB,8:29,3.28 MB,
1Ki021,306,1.98 MB,5:06,1.98 MB,
1Ki022,542,3.45 MB,9:02,3.45 MB,
1Pe001,217,1.33 MB,3:37,1.33 MB,
1Pe002,208,1.26 MB,3:28,1.26 MB,
1Pe003,190,1.16 MB,3:10,1.16 MB,
1Pe004,163,1013.05 KB,2:43,1013.05 KB,
1Pe005,114,726.01 KB,1:54,726.01 KB,
1Sa001,286,1.81 MB,4:46,1.81 MB,
1Sa002,425,2.66 MB,7:05,2.66 MB,
1Sa003,223,1.40 MB,3:43,1.40 MB,
1Sa004,263,1.69 MB,4:23,1.69 MB,
1Sa005,147,941.91 KB,2:27,941.91 KB,
1Sa006,262,1.67 MB,4:22,1.67 MB,
1Sa007,200,1.25 MB,3:20,1.25 MB,
1Sa008,192,1.19 MB,3:12,1.19 MB,
1Sa009,362,2.24 MB,6:02,2.24 MB,
1Sa010,305,1.91 MB,5:05,1.91 MB,
1Sa011,173,1.09 MB,2:53,1.09 MB,
1Sa012,312,1.89 MB,5:12,1.89 MB,
1Sa013,246,1.56 MB,4:06,1.56 MB,
1Sa014,597,3.70 MB,9:57,3.70 MB,
1Sa015,399,2.53 MB,6:39,2.53 MB,
1Sa016,278,1.71 MB,4:38,1.71 MB,
1Sa017,581,3.63 MB,9:41,3.63 MB,
1Sa018,307,1.93 MB,5:07,1.93 MB,
1Sa019,266,1.66 MB,4:26,1.66 MB,
1Sa020,470,3.03 MB,7:50,3.03 MB,
1Sa021,179,1.12 MB,2:59,1.12 MB,
1Sa022,275,1.75 MB,4:35,1.75 MB,
1Sa023,314,2.01 MB,5:14,2.01 MB,
1Sa024,246,1.59 MB,4:06,1.59 MB,
1Sa025,510,3.32 MB,8:30,3.32 MB,
1Sa026,322,2.05 MB,5:22,2.05 MB,
1Sa027,145,965.49 KB,2:25,965.49 KB,
1Sa028,300,1.92 MB,5:00,1.92 MB,
1Sa029,156,1.02 MB,2:36,1.02 MB,
1Sa030,307,2.00 MB,5:07,2.00 MB,
1Sa031,128,856.75 KB,2:08,856.75 KB,
1Th001,102,635.10 KB,1:42,635.10 KB,
1Th002,182,1.12 MB,3:02,1.12 MB,
1Th003,112,706.73 KB,1:52,706.73 KB,
1Th004,140,889.59 KB,2:20,889.59 KB,
1Th005,159,1023.96 KB,2:39,1023.96 KB,
1Ti001,179,1.12 MB,2:59,1.12 MB,
1Ti002,107,680.79 KB,1:47,680.79 KB,
1Ti003,126,803.00 KB,2:06,803.00 KB,
1Ti004,114,727.64 KB,1:54,727.64 KB,
1Ti005,175,1.11 MB,2:55,1.11 MB,
1Ti006,182,1.14 MB,3:02,1.14 MB,
2Ch001,182,1.16 MB,3:02,1.16 MB,
2Ch002,232,1.48 MB,3:52,1.48 MB,
2Ch003,148,964.66 KB,2:28,964.66 KB,
2Ch004,191,1.21 MB,3:11,1.21 MB,
2Ch005,151,974.93 KB,2:31,974.93 KB,
2Ch006,482,3.10 MB,8:02,3.10 MB,
2Ch007,253,1.63 MB,4:13,1.63 MB,
2Ch008,181,1.17 MB,3:01,1.17 MB,
2Ch009,300,1.87 MB,5:00,1.87 MB,
2Ch010,215,1.36 MB,3:35,1.36 MB,
2Ch011,201,1.26 MB,3:21,1.26 MB,
2Ch012,174,1.10 MB,2:54,1.10 MB,
2Ch013,231,1.45 MB,3:51,1.45 MB,
2Ch014,170,1.06 MB,2:50,1.06 MB,
2Ch015,185,1.16 MB,3:05,1.16 MB,
2Ch016,157,1015.07 KB,2:37,1015.07 KB,
2Ch017,175,1.10 MB,2:55,1.10 MB,
2Ch018,398,2.51 MB,6:38,2.51 MB,
2Ch019,142,918.07 KB,2:22,918.07 KB,
2Ch020,423,2.69 MB,7:03,2.69 MB,
2Ch021,219,1.41 MB,3:39,1.41 MB,
2Ch022,164,1.05 MB,2:44,1.05 MB,
2Ch023,245,1.58 MB,4:05,1.58 MB,
2Ch024,313,1.99 MB,5:13,1.99 MB,
2Ch025,321,2.09 MB,5:21,2.09 MB,
2Ch026,240,1.51 MB,4:00,1.51 MB,
2Ch027,84,524.80 KB,1:24,524.80 KB,
2Ch028,290,1.86 MB,4:50,1.86 MB,
2Ch029,374,2.40 MB,6:14,2.40 MB,
2Ch030,322,2.06 MB,5:22,2.06 MB,
2Ch031,258,1.67 MB,4:18,1.67 MB,
2Ch032,379,2.41 MB,6:19,2.41 MB,
2Ch033,252,1.64 MB,4:12,1.64 MB,
2Ch034,401,2.55 MB,6:41,2.55 MB,
2Ch035,324,2.07 MB,5:24,2.07 MB,
2Ch036,257,1.65 MB,4:17,1.65 MB,
2Co001,210,1.30 MB,3:30,1.30 MB,
2Co002,135,891.13 KB,2:15,891.13 KB,
2Co003,135,858.52 KB,2:15,858.52 KB,
2Co004,152,969.29 KB,2:32,969.29 KB,
2Co005,185,1.13 MB,3:05,1.13 MB,
2Co006,144,908.03 KB,2:24,908.03 KB,
2Co007,178,1.12 MB,2:58,1.12 MB,
2Co008,189,1.15 MB,3:09,1.15 MB,
2Co009,136,857.70 KB,2:16,857.70 KB,
2Co010,158,995.08 KB,2:38,995.08 KB,
2Co011,266,1.69 MB,4:26,1.69 MB,
2Co012,229,1.42 MB,3:49,1.42 MB,
2Co013,128,815.42 KB,2:08,815.42 KB,
2Jo001,111,682.87 KB,1:51,682.87 KB,
2Ki001,243,1.53 MB,4:03,1.53 MB,
2Ki002,314,1.96 MB,5:14,1.96 MB,
2Ki003,286,1.83 MB,4:46,1.83 MB,
2Ki004,480,3.06 MB,8:00,3.06 MB,
2Ki005,362,2.33 MB,6:02,2.33 MB,
2Ki006,366,2.21 MB,6:06,2.21 MB,
2Ki007,279,1.73 MB,4:39,1.73 MB,
2Ki008,347,2.16 MB,5:47,2.16 MB,
2Ki009,436,2.68 MB,7:16,2.68 MB,
2Ki010,421,2.62 MB,7:01,2.62 MB,
2Ki011,218,1.36 MB,3:38,1.36 MB,
2Ki012,224,1.41 MB,3:44,1.41 MB,
2Ki013,273,1.70 MB,4:33,1.70 MB,
2Ki014,304,1.93 MB,5:04,1.93 MB,
2Ki015,349,2.17 MB,5:49,2.17 MB,
2Ki016,213,1.29 MB,3:33,1.29 MB,
2Ki017,440,2.75 MB,7:20,2.75 MB,
2Ki018,430,2.65 MB,7:10,2.65 MB,
2Ki019,398,2.52 MB,6:38,2.52 MB,
2Ki020,237,1.46 MB,3:57,1.46 MB,
2Ki021,252,1.59 MB,4:12,1.59 MB,
2Ki022,235,1.44 MB,3:55,1.44 MB,
2Ki023,474,2.96 MB,7:54,2.96 MB,
2Ki024,211,1.29 MB,3:31,1.29 MB,
2Ki025,310,1.96 MB,5:10,1.96 MB,
2Pe001,163,1008.81 KB,2:43,1008.81 KB,
2Pe002,199,1.21 MB,3:19,1.21 MB,
2Pe003,163,991.61 KB,2:43,991.61 KB,
2Sa001,275,1.69 MB,4:35,1.69 MB,
2Sa002,335,2.12 MB,5:35,2.12 MB,
2Sa003,447,2.89 MB,7:27,2.89 MB,
2Sa004,160,1.01 MB,2:40,1.01 MB,
2Sa005,253,1.63 MB,4:13,1.63 MB,
2Sa006,243,1.57 MB,4:03,1.57 MB,
2Sa007,323,2.05 MB,5:23,2.05 MB,
2Sa008,179,1.12 MB,2:59,1.12 MB,
2Sa009,164,1.02 MB,2:44,1.02 MB,
2Sa010,211,1.35 MB,3:31,1.35 MB,
2Sa011,295,1.85 MB,4:55,1.85 MB,
2Sa012,366,2.28 MB,6:06,2.28 MB,
2Sa013,444,2.78 MB,7:24,2.78 MB,
2Sa014,418,2.60 MB,6:58,2.60 MB,
2Sa015,436,2.73 MB,7:16,2.73 MB,
2Sa016,283,1.76 MB,4:43,1.76 MB,
2Sa017,354,2.22 MB,5:54,2.22 MB,
2Sa018,420,2.60 MB,7:00,2.60 MB,
2Sa019,539,3.46 MB,8:59,3.46 MB,
2Sa020,311,1.94 MB,5:11,1.94 MB,
2Sa021,281,1.81 MB,4:41,1.81 MB,
2Sa022,380,2.42 MB,6:20,2.42 MB,
2Sa023,339,2.19 MB,5:39,2.19 MB,
2Sa024,314,2.03 MB,5:14,2.03 MB,
2Th001,115,725.47 KB,1:55,725.47 KB,
2Th002,135,857.75 KB,2:15,857.75 KB,
2Th003,126,801.18 KB,2:06,801.18 KB,
2Ti001,161,1.02 MB,2:41,1.02 MB,
2Ti002,194,1.21 MB,3:14,1.21 MB,
2Ti003,129,834.12 KB,2:09,834.12 KB,
2Ti004,159,1.00 MB,2:39,1.00 MB,
3Jo001,117,738.14 KB,1:57,738.14 KB,
Act001,226,1.39 MB,3:46,1.39 MB,
Act002,348,2.11 MB,5:48,2.11 MB,
Act003,210,1.26 MB,3:30,1.26 MB,
Act004,266,1.65 MB,4:26,1.65 MB,
Act005,310,1.93 MB,5:10,1.93 MB,
Act006,119,735.88 KB,1:59,735.88 KB,
Act007,477,2.85 MB,7:57,2.85 MB,
Act008,276,1.65 MB,4:36,1.65 MB,
Act009,337,2.06 MB,5:37,2.06 MB,
Act010,352,2.13 MB,5:52,2.13 MB,
Act011,214,1.32 MB,3:34,1.32 MB,
Act012,199,1.20 MB,3:19,1.20 MB,
Act013,413,2.56 MB,6:53,2.56 MB,
Act014,204,1.26 MB,3:24,1.26 MB,
Act015,302,1.87 MB,5:02,1.87 MB,
Act016,302,1.89 MB,5:02,1.89 MB,
Act017,291,1.83 MB,4:51,1.83 MB,
Act018,225,1.45 MB,3:45,1.45 MB,
Act019,312,2.00 MB,5:12,2.00 MB,
Act020,288,1.84 MB,4:48,1.84 MB,
Act021,323,2.03 MB,5:23,2.03 MB,
Act022,248,1.56 MB,4:08,1.56 MB,
Act023,292,1.83 MB,4:52,1.83 MB,
Act024,212,1.32 MB,3:32,1.32 MB,
Act025,248,1.52 MB,4:08,1.52 MB,
Act026,270,1.70 MB,4:30,1.70 MB,
Act027,319,1.96 MB,5:19,1.96 MB,
Act028,252,1.55 MB,4:12,1.55 MB,
Amo001,166,1.05 MB,2:46,1.05 MB,
Amo002,164,1.04 MB,2:44,1.04 MB,
Amo003,140,900.32 KB,2:20,900.32 KB,
Amo004,173,1.10 MB,2:53,1.10 MB,
Amo005,239,1.52 MB,3:59,1.52 MB,
Amo006,142,911.78 KB,2:22,911.78 KB,
Amo007,181,1.13 MB,3:01,1.13 MB,
Amo008,155,994.16 KB,2:35,994.16 KB,
Amo009,184,1.15 MB,3:04,1.15 MB,
Col001,247,1.49 MB,4:07,1.49 MB,
Col002,176,1.05 MB,2:56,1.05 MB,
Col003,184,1.12 MB,3:04,1.12 MB,
Col004,144,879.12 KB,2:24,879.12 KB,
Dan001,196,1.22 MB,3:16,1.22 MB,
Dan002,527,3.31 MB,8:47,3.31 MB,
Dan003,356,2.29 MB,5:56,2.29 MB,
Dan004,455,2.89 MB,7:35,2.89 MB,
Dan005,343,2.12 MB,5:43,2.12 MB,
Dan006,322,2.05 MB,5:22,2.05 MB,
Dan007,316,1.94 MB,5:16,1.94 MB,
Dan008,276,1.70 MB,4:36,1.70 MB,
Dan009,348,2.19 MB,5:48,2.19 MB,
Dan010,217,1.33 MB,3:37,1.33 MB,
Dan011,493,3.03 MB,8:13,3.03 MB,
Dan012,132,838.39 KB,2:12,838.39 KB,
Deu001,480,3.02 MB,8:00,3.02 MB,
Deu002,366,2.30 MB,6:06,2.30 MB,
Deu003,329,2.07 MB,5:29,2.07 MB,
Deu004,557,3.44 MB,9:17,3.44 MB,
Deu005,334,2.07 MB,5:34,2.07 MB,
Deu006,247,1.55 MB,4:07,1.55 MB,
Deu007,332,2.07 MB,5:32,2.07 MB,
Deu008,218,1.36 MB,3:38,1.36 MB,
Deu009,360,2.22 MB,6:00,2.22 MB,
Deu010,228,1.40 MB,3:48,1.40 MB,
Deu011,330,2.07 MB,5:30,2.07 MB,
Deu012,367,2.32 MB,6:07,2.32 MB,
Deu013,215,1.33 MB,3:35,1.33 MB,
Deu014,242,1.50 MB,4:02,1.50 MB,
Deu015,255,1.61 MB,4:15,1.61 MB,
Deu016,226,1.38 MB,3:46,1.38 MB,
Deu017,221,1.38 MB,3:41,1.38 MB,
Deu018,222,1.37 MB,3:42,1.37 MB,
Deu019,223,1.38 MB,3:43,1.38 MB,
Deu020,226,1.43 MB,3:46,1.43 MB,
Deu021,249,1.57 MB,4:09,1.57 MB,
Deu022,290,1.85 MB,4:50,1.85 MB,
Deu023,236,1.48 MB,3:56,1.48 MB,
Deu024,251,1.59 MB,4:11,1.59 MB,
Deu025,206,1.31 MB,3:26,1.31 MB,
Deu026,231,1.47 MB,3:51,1.47 MB,
Deu027,242,1.52 MB,4:02,1.52 MB,
Deu028,698,4.50 MB,11:38,4.50 MB,
Deu029,302,1.93 MB,5:02,1.93 MB,
Deu030,251,1.61 MB,4:11,1.61 MB,
Deu031,352,2.27 MB,5:52,2.27 MB,
Deu032,491,2.92 MB,8:11,2.92 MB,
Deu033,314,1.88 MB,5:14,1.88 MB,
Deu034,107,673.72 KB,1:47,673.72 KB,
Ecc001,163,994.91 KB,2:43,994.91 KB,
Ecc002,305,1.88 MB,5:05,1.88 MB,
Ecc003,204,1.24 MB,3:24,1.24 MB,
Ecc004,157,957.36 KB,2:37,957.36 KB,
Ecc005,218,1.32 MB,3:38,1.32 MB,
Ecc006,126,792.32 KB,2:06,792.32 KB,
Ecc007,265,1.59 MB,4:25,1.59 MB,
Ecc008,182,1.13 MB,3:02,1.13 MB,
Ecc009,231,1.41 MB,3:51,1.41 MB,
Ecc010,164,1012.68 KB,2:44,1012.68 KB,
Ecc011,109,672.41 KB,1:49,672.41 KB,
Ecc012,143,900.47 KB,2:23,900.47 KB,
Eph001,174,1.05 MB,2:54,1.05 MB,
Eph002,174,1.04 MB,2:54,1.04 MB,
Eph003,150,937.37 KB,2:30,937.37 KB,
Eph004,213,1.28 MB,3:33,1.28 MB,
Eph005,209,1.28 MB,3:29,1.28 MB,
Eph006,165,1023.55 KB,2:45,1023.55 KB,
Est001,235,1.56 MB,3:55,1.56 MB,
Est002,250,1.65 MB,4:10,1.65 MB,
Est003,176,1.16 MB,2:56,1.16 MB,
Est004,168,1.09 MB,2:48,1.09 MB,
Est005,151,938.03 KB,2:31,938.03 KB,
Est006,160,1021.61 KB,2:40,1021.61 KB,
Est007,128,802.73 KB,2:08,802.73 KB,
Est008,199,1.25 MB,3:19,1.25 MB,
Est009,308,1.96 MB,5:08,1.96 MB,
Est010,33,201.49 KB,0:33,201.49 KB,
Exo001,165,1.05 MB,2:45,1.05 MB,
Exo002,230,1.48 MB,3:50,1.48 MB,
Exo003,281,1.81 MB,4:41,1.81 MB,
Exo004,305,1.93 MB,5:05,1.93 MB,
Exo005,222,1.46 MB,3:42,1.46 MB,
Exo006,270,1.74 MB,4:30,1.74 MB,
Exo007,244,1.58 MB,4:04,1.58 MB,
Exo008,346,2.25 MB,5:46,2.25 MB,
Exo009,350,2.24 MB,5:50,2.24 MB,
Exo010,323,2.04 MB,5:23,2.04 MB,
Exo011,113,751.49 KB,1:53,751.49 KB,
Exo012,463,2.96 MB,7:43,2.96 MB,
Exo013,240,1.49 MB,4:00,1.49 MB,
Exo014,323,2.08 MB,5:23,2.08 MB,
Exo015,286,1.79 MB,4:46,1.79 MB,
Exo016,379,2.38 MB,6:19,2.38 MB,
Exo017,173,1.08 MB,2:53,1.08 MB,
Exo018,274,1.73 MB,4:34,1.73 MB,
Exo019,259,1.63 MB,4:19,1.63 MB,
Exo020,222,1.41 MB,3:42,1.41 MB,
Exo021,305,1.97 MB,5:05,1.97 MB,
Exo022,272,1.76 MB,4:32,1.76 MB,
Exo023,314,1.99 MB,5:14,1.99 MB,
Exo024,163,1.03 MB,2:43,1.03 MB,
Exo025,269,1.70 MB,4:29,1.70 MB,
Exo026,278,1.73 MB,4:38,1.73 MB,
Exo027,174,1.08 MB,2:54,1.08 MB,
Exo028,372,2.30 MB,6:12,2.30 MB,
Exo029,405,2.58 MB,6:45,2.58 MB,
Exo030,304,1.93 MB,5:04,1.93 MB,
Exo031,154,970.72 KB,2:34,970.72 KB,
Exo032,387,2.40 MB,6:27,2.40 MB,
Exo033,258,1.59 MB,4:18,1.59 MB,
Exo034,389,2.37 MB,6:29,2.37 MB,
Exo035,292,1.83 MB,4:52,1.83 MB,
Exo036,321,1.97 MB,5:21,1.97 MB,
Exo037,235,1.44 MB,3:55,1.44 MB,
Exo038,274,1.69 MB,4:34,1.69 MB,
Exo039,358,2.21 MB,5:58,2.21 MB,
Exo040,269,1.64 MB,4:29,1.64 MB,
Eze001,246,1.50 MB,4:06,1.50 MB,
Eze002,102,638.58 KB,1:42,638.58 KB,
Eze003,266,1.67 MB,4:26,1.67 MB,
Eze004,146,919.74 KB,2:26,919.74 KB,
Eze005,184,1.17 MB,3:04,1.17 MB,
Eze006,151,946.02 KB,2:31,946.02 KB,
Eze007,258,1.61 MB,4:18,1.61 MB,
Eze008,195,1.21 MB,3:15,1.21 MB,
Eze009,133,839.99 KB,2:13,839.99 KB,
Eze010,188,1.18 MB,3:08,1.18 MB,
Eze011,229,1.43 MB,3:49,1.43 MB,
Eze012,262,1.63 MB,4:22,1.63 MB,
Eze013,245,1.54 MB,4:05,1.54 MB,
Eze014,249,1.56 MB,4:09,1.56 MB,
Eze015,70,438.39 KB,1:10,438.39 KB,
Eze016,580,3.64 MB,9:40,3.64 MB,
Eze017,249,1.54 MB,4:09,1.54 MB,
Eze018,320,2.02 MB,5:20,2.02 MB,
Eze019,107,691.76 KB,1:47,691.76 KB,
Eze020,549,3.47 MB,9:09,3.47 MB,
Eze021,321,1.97 MB,5:21,1.97 MB,
Eze022,298,1.86 MB,4:58,1.86 MB,
Eze023,443,2.77 MB,7:23,2.77 MB,
Eze024,253,1.60 MB,4:13,1.60 MB,
Eze025,184,1.16 MB,3:04,1.16 MB,
Eze026,231,1.46 MB,3:51,1.46 MB,
Eze027,307,1.92 MB,5:07,1.92 MB,
Eze028,277,1.75 MB,4:37,1.75 MB,
Eze029,224,1.40 MB,3:44,1.40 MB,
Eze030,246,1.53 MB,4:06,1.53 MB,
Eze031,220,1.37 MB,3:40,1.37 MB,
Eze032,366,2.32 MB,6:06,2.32 MB,
Eze033,362,2.30 MB,6:02,2.30 MB,
Eze034,315,1.94 MB,5:15,1.94 MB,
Eze035,138,891.67 KB,2:18,891.67 KB,
Eze036,411,2.57 MB,6:51,2.57 MB,
Eze037,284,1.79 MB,4:44,1.79 MB,
Eze038,245,1.52 MB,4:05,1.52 MB,
Eze039,302,1.93 MB,5:02,1.93 MB,
Eze040,462,2.85 MB,7:42,2.85 MB,
Eze041,237,1.45 MB,3:57,1.45 MB,
Eze042,165,1.03 MB,2:45,1.03 MB,
Eze043,291,1.83 MB,4:51,1.83 MB,
Eze044,322,2.03 MB,5:22,2.03 MB,
Eze045,278,1.75 MB,4:38,1.75 MB,
Eze046,262,1.64 MB,4:22,1.64 MB,
Eze047,237,1.48 MB,3:57,1.48 MB,
Eze048,320,2.00 MB,5:20,2.00 MB,
Ezr001,127,844.77 KB,2:07,844.77 KB,
Ezr002,336,2.16 MB,5:36,2.16 MB,
Ezr003,163,1.04 MB,2:43,1.04 MB,
Ezr004,259,1.67 MB,4:19,1.67 MB,
Ezr005,191,1.22 MB,3:11,1.22 MB,
Ezr006,257,1.68 MB,4:17,1.68 MB,
Ezr007,287,1.85 MB,4:47,1.85 MB,
Ezr008,360,2.25 MB,6:00,2.25 MB,
Ezr009,225,1.48 MB,3:45,1.48 MB,
Ezr010,358,2.26 MB,5:58,2.26 MB,
Gal001,171,1.08 MB,2:51,1.08 MB,
Gal002,200,1.26 MB,3:20,1.26 MB,
Gal003,240,1.46 MB,4:00,1.46 MB,
Gal004,228,1.40 MB,3:48,1.40 MB,
Gal005,183,1.13 MB,3:03,1.13 MB,
Gal006,132,848.29 KB,2:12,848.29 KB,
Gen001,271,1.63 MB,4:31,1.63 MB,
Gen002,202,1.26 MB,3:22,1.26 MB,
Gen003,238,1.53 MB,3:58,1.53 MB,
Gen004,238,1.53 MB,3:58,1.53 MB,
Gen005,150,969.88 KB,2:30,969.88 KB,
Gen006,193,1.23 MB,3:13,1.23 MB,
Gen007,173,1.09 MB,2:53,1.09 MB,
Gen008,175,1.10 MB,2:55,1.10 MB,
Gen009,225,1.41 MB,3:45,1.41 MB,
Gen010,201,1.29 MB,3:21,1.29 MB,
Gen011,199,1.24 MB,3:19,1.24 MB,
Gen012,184,1.18 MB,3:04,1.18 MB,
Gen013,151,975.86 KB,2:31,975.86 KB,
Gen014,228,1.45 MB,3:48,1.45 MB,
Gen015,177,1.10 MB,2:57,1.10 MB,
Gen016,164,1.03 MB,2:44,1.03 MB,
Gen017,242,1.52 MB,4:02,1.52 MB,
Gen018,306,1.93 MB,5:06,1.93 MB,
Gen019,351,2.25 MB,5:51,2.25 MB,
Gen020,180,1.18 MB,3:00,1.18 MB,
Gen021,267,1.73 MB,4:27,1.73 MB,
Gen022,228,1.48 MB,3:48,1.48 MB,
Gen023,186,1.24 MB,3:06,1.24 MB,
Gen024,615,4.05 MB,10:15,4.05 MB,
Gen025,267,1.76 MB,4:27,1.76 MB,
Gen026,312,2.08 MB,5:12,2.08 MB,
Gen027,451,3.00 MB,7:31,3.00 MB,
Gen028,221,1.44 MB,3:41,1.44 MB,
Gen029,301,1.99 MB,5:01,1.99 MB,
Gen030,392,2.60 MB,6:32,2.60 MB,
Gen031,540,3.53 MB,9:00,3.53 MB,
Gen032,299,1.95 MB,4:59,1.95 MB,
Gen033,178,1.15 MB,2:58,1.15 MB,
Gen034,281,1.84 MB,4:41,1.84 MB,
Gen035,257,1.66 MB,4:17,1.66 MB,
Gen036,330,2.16 MB,5:30,2.16 MB,
Gen037,326,2.07 MB,5:26,2.07 MB,
Gen038,283,1.85 MB,4:43,1.85 MB,
Gen039,212,1.38 MB,3:32,1.38 MB,
Gen040,189,1.22 MB,3:09,1.22 MB,
Gen041,445,2.84 MB,7:25,2.84 MB,
Gen042,368,2.41 MB,6:08,2.41 MB,
Gen043,334,2.19 MB,5:34,2.19 MB,
Gen044,313,2.06 MB,5:13,2.06 MB,
Gen045,263,1.70 MB,4:23,1.70 MB,
Gen046,279,1.74 MB,4:39,1.74 MB,
Gen047,324,2.08 MB,5:24,2.08 MB,
Gen048,241,1.53 MB,4:01,1.53 MB,
Gen049,298,1.87 MB,4:58,1.87 MB,
Gen050,248,1.60 MB,4:08,1.60 MB,
Hab001,163,1.01 MB,2:43,1.01 MB,
Hab002,198,1.23 MB,3:18,1.23 MB,
Hab003,182,1.13 MB,3:02,1.13 MB,
Hag001,157,1008.08 KB,2:37,1008.08 KB,
Hag002,247,1.53 MB,4:07,1.53 MB,
Heb001,125,800.29 KB,2:05,800.29 KB,
Heb002,165,1.02 MB,2:45,1.02 MB,
Heb003,137,884.33 KB,2:17,884.33 KB,
Heb004,151,967.68 KB,2:31,967.68 KB,
Heb005,116,743.15 KB,1:56,743.15 KB,
Heb006,151,959.03 KB,2:31,959.03 KB,
Heb007,225,1.40 MB,3:45,1.40 MB,
Heb008,124,788.30 KB,2:04,788.30 KB,
Heb009,235,1.46 MB,3:55,1.46 MB,
Heb010,281,1.73 MB,4:41,1.73 MB,
Heb011,346,2.16 MB,5:46,2.16 MB,
Heb012,237,1.49 MB,3:57,1.49 MB,
Heb013,194,1.20 MB,3:14,1.20 MB,
Hos001,122,771.30 KB,2:02,771.30 KB,
Hos002,238,1.51 MB,3:58,1.51 MB,
Hos003,55,353.00 KB,0:55,353.00 KB,
Hos004,176,1.09 MB,2:56,1.09 MB,
Hos005,145,933.38 KB,2:25,933.38 KB,
Hos006,94,595.76 KB,1:34,595.76 KB,
Hos007,149,958.87 KB,2:29,958.87 KB,
Hos008,128,835.61 KB,2:08,835.61 KB,
Hos009,186,1.17 MB,3:06,1.17 MB,
Hos010,154,1000.93 KB,2:34,1000.93 KB,
Hos011,127,823.84 KB,2:07,823.84 KB,
Hos012,123,780.88 KB,2:03,780.88 KB,
Hos013,160,1019.22 KB,2:40,1019.22 KB,
Hos014,101,639.90 KB,1:41,639.90 KB,
Isa001,294,1.88 MB,4:54,1.88 MB,
Isa002,175,1.11 MB,2:55,1.11 MB,
Isa003,199,1.28 MB,3:19,1.28 MB,
Isa004,66,425.03 KB,1:06,425.03 KB,
Isa005,300,1.93 MB,5:00,1.93 MB,
Isa006,137,904.85 KB,2:17,904.85 KB,
Isa007,214,1.37 MB,3:34,1.37 MB,
Isa008,207,1.35 MB,3:27,1.35 MB,
Isa009,204,1.31 MB,3:24,1.31 MB,
Isa010,295,1.92 MB,4:55,1.92 MB,
Isa011,158,1.00 MB,2:38,1.00 MB,
Isa012,56,358.82 KB,0:56,358.82 KB,
Isa013,190,1.23 MB,3:10,1.23 MB,
Isa014,286,1.83 MB,4:46,1.83 MB,
Isa015,88,568.84 KB,1:28,568.84 KB,
Isa016,151,985.64 KB,2:31,985.64 KB,
Isa017,147,970.46 KB,2:27,970.46 KB,
Isa018,83,537.73 KB,1:23,537.73 KB,
Isa019,240,1.49 MB,4:00,1.49 MB,
Isa020,71,445.40 KB,1:11,445.40 KB,
Isa021,153,961.62 KB,2:33,961.62 KB,
Isa022,228,1.41 MB,3:48,1.41 MB,
Isa023,182,1.11 MB,3:02,1.11 MB,
Isa024,200,1.23 MB,3:20,1.23 MB,
Isa025,133,831.29 KB,2:13,831.29 KB,
Isa026,202,1.24 MB,3:22,1.24 MB,
Isa027,136,870.57 KB,2:16,870.57 KB,
Isa028,299,1.88 MB,4:59,1.88 MB,
Isa029,258,1.63 MB,4:18,1.63 MB,
Isa030,359,2.26 MB,5:59,2.26 MB,
Isa031,123,778.75 KB,2:03,778.75 KB,
Isa032,160,1018.87 KB,2:40,1018.87 KB,
Isa033,232,1.42 MB,3:52,1.42 MB,
Isa034,172,1.04 MB,2:52,1.04 MB,
Isa035,106,658.75 KB,1:46,658.75 KB,
Isa036,254,1.58 MB,4:14,1.58 MB,
Isa037,387,2.43 MB,6:27,2.43 MB,
Isa038,214,1.37 MB,3:34,1.37 MB,
Isa039,100,633.17 KB,1:40,633.17 KB,
Isa040,280,1.73 MB,4:40,1.73 MB,
Isa041,292,1.81 MB,4:52,1.81 MB,
Isa042,239,1.49 MB,3:59,1.49 MB,
Isa043,281,1.76 MB,4:41,1.76 MB,
Isa044,335,2.10 MB,5:35,2.10 MB,
Isa045,299,1.88 MB,4:59,1.88 MB,
Isa046,136,864.60 KB,2:16,864.60 KB,
Isa047,169,1.06 MB,2:49,1.06 MB,
Isa048,250,1.55 MB,4:10,1.55 MB,
Isa049,307,1.89 MB,5:07,1.89 MB,
Isa050,135,865.18 KB,2:15,865.18 KB,
Isa051,264,1.62 MB,4:24,1.62 MB,
Isa052,165,1.02 MB,2:45,1.02 MB,
Isa053,151,957.79 KB,2:31,957.79 KB,
Isa054,193,1.18 MB,3:13,1.18 MB,
Isa055,147,951.29 KB,2:27,951.29 KB,
Isa056,130,834.82 KB,2:10,834.82 KB,
Isa057,213,1.34 MB,3:33,1.34 MB,
Isa058,182,1.13 MB,3:02,1.13 MB,
Isa059,218,1.34 MB,3:38,1.34 MB,
Isa060,233,1.48 MB,3:53,1.48 MB,
Isa061,134,866.49 KB,2:14,866.49 KB,
Isa062,135,848.62 KB,2:15,848.62 KB,
Isa063,197,1.24 MB,3:17,1.24 MB,
Isa064,124,793.85 KB,2:04,793.85 KB,
Isa065,273,1.72 MB,4:33,1.72 MB,
Isa066,307,1.90 MB,5:07,1.90 MB,
Jam001,193,1.18 MB,3:13,1.18 MB,
Jam002,196,1.22 MB,3:16,1.22 MB,
Jam003,143,891.02 KB,2:23,891.02 KB,
Jam004,145,900.85 KB,2:25,900.85 KB,
Jam005,166,1023.22 KB,2:46,1023.22 KB,
Jdg001,368,2.33 MB,6:08,2.33 MB,
Jdg002,254,1.59 MB,4:14,1.59 MB,
Jdg003,312,1.95 MB,5:12,1.95 MB,
Jdg004,271,1.71 MB,4:31,1.71 MB,
Jdg005,324,2.00 MB,5:24,2.00 MB,
Jdg006,483,3.01 MB,8:03,3.01 MB,
Jdg007,335,2.11 MB,5:35,2.11 MB,
Jdg008,368,2.30 MB,6:08,2.30 MB,
Jdg009,581,3.69 MB,9:41,3.69 MB,
Jdg010,177,1.09 MB,2:57,1.09 MB,
Jdg011,436,2.81 MB,7:16,2.81 MB,
Jdg012,173,1.11 MB,2:53,1.11 MB,
Jdg013,288,1.87 MB,4:48,1.87 MB,
Jdg014,264,1.69 MB,4:24,1.69 MB,
Jdg015,240,1.53 MB,4:00,1.53 MB,
Jdg016,408,2.65 MB,6:48,2.65 MB,
Jdg017,149,958.79 KB,2:29,958.79 KB,
Jdg018,351,2.26 MB,5:51,2.26 MB,
Jdg019,353,2.23 MB,5:53,2.23 MB,
Jdg020,486,3.11 MB,8:06,3.11 MB,
Jdg021,273,1.79 MB,4:33,1.79 MB,
Jer001,183,1.16 MB,3:03,1.16 MB,
Jer002,385,2.48 MB,6:25,2.48 MB,
Jer003,299,1.92 MB,4:59,1.92 MB,
Jer004,298,1.94 MB,4:58,1.94 MB,
Jer005,300,1.92 MB,5:00,1.92 MB,
Jer006,296,1.93 MB,4:56,1.93 MB,
Jer007,318,2.07 MB,5:18,2.07 MB,
Jer008,235,1.52 MB,3:55,1.52 MB,
Jer009,270,1.72 MB,4:30,1.72 MB,
Jer010,231,1.46 MB,3:51,1.46 MB,
Jer011,257,1.65 MB,4:17,1.65 MB,
Jer012,187,1.19 MB,3:07,1.19 MB,
Jer013,259,1.64 MB,4:19,1.64 MB,
Jer014,256,1.59 MB,4:16,1.59 MB,
Jer015,240,1.53 MB,4:00,1.53 MB,
Jer016,228,1.45 MB,3:48,1.45 MB,
Jer017,270,1.74 MB,4:30,1.74 MB,
Jer018,227,1.45 MB,3:47,1.45 MB,
Jer019,168,1.09 MB,2:48,1.09 MB,
Jer020,214,1.34 MB,3:34,1.34 MB,
Jer021,173,1.08 MB,2:53,1.08 MB,
Jer022,304,1.92 MB,5:04,1.92 MB,
Jer023,440,2.77 MB,7:20,2.77 MB,
Jer024,115,761.12 KB,1:55,761.12 KB,
Jer025,370,2.38 MB,6:10,2.38 MB,
Jer026,255,1.66 MB,4:15,1.66 MB,
Jer027,248,1.58 MB,4:08,1.58 MB,
Jer028,183,1.17 MB,3:03,1.17 MB,
Jer029,342,2.22 MB,5:42,2.22 MB,
Jer030,255,1.59 MB,4:15,1.59 MB,
Jer031,433,2.74 MB,7:13,2.74 MB,
Jer032,439,2.81 MB,7:19,2.81 MB,
Jer033,270,1.71 MB,4:30,1.71 MB,
Jer034,253,1.63 MB,4:13,1.63 MB,
Jer035,215,1.36 MB,3:35,1.36 MB,
Jer036,328,2.13 MB,5:28,2.13 MB,
Jer037,199,1.25 MB,3:19,1.25 MB,
Jer038,319,2.05 MB,5:19,2.05 MB,
Jer039,170,1.09 MB,2:50,1.09 MB,
Jer040,217,1.42 MB,3:37,1.42 MB,
Jer041,187,1.22 MB,3:07,1.22 MB,
Jer042,246,1.60 MB,4:06,1.60 MB,
Jer043,144,960.02 KB,2:24,960.02 KB,
Jer044,375,2.41 MB,6:15,2.41 MB,
Jer045,62,392.23 KB,1:02,392.23 KB,
Jer046,276,1.73 MB,4:36,1.73 MB,
Jer047,77,479.55 KB,1:17,479.55 KB,
Jer048,436,2.66 MB,7:16,2.66 MB,
Jer049,446,2.76 MB,7:26,2.76 MB,
Jer050,506,3.13 MB,8:26,3.13 MB,
Jer051,658,4.08 MB,10:58,4.08 MB,
Jer052,309,1.95 MB,5:09,1.95 MB,
Job001,233,1.43 MB,3:53,1.43 MB,
Job002,141,899.31 KB,2:21,899.31 KB,
Job003,172,1.06 MB,2:52,1.06 MB,
Job004,138,868.19 KB,2:18,868.19 KB,
Job005,171,1.04 MB,2:51,1.04 MB,
Job006,195,1.19 MB,3:15,1.19 MB,
Job007,163,1.00 MB,2:43,1.00 MB,
Job008,133,833.18 KB,2:13,833.18 KB,
Job009,220,1.35 MB,3:40,1.35 MB,
Job010,168,1.02 MB,2:48,1.02 MB,
Job011,134,829.98 KB,2:14,829.98 KB,
Job012,153,960.93 KB,2:33,960.93 KB,
Job013,180,1.10 MB,3:00,1.10 MB,
Job014,156,957.13 KB,2:36,957.13 KB,
Job015,221,1.32 MB,3:41,1.32 MB,
Job016,156,972.80 KB,2:36,972.80 KB,
Job017,104,641.05 KB,1:44,641.05 KB,
Job018,125,786.16 KB,2:05,786.16 KB,
Job019,186,1.16 MB,3:06,1.16 MB,
Job020,185,1.14 MB,3:05,1.14 MB,
Job021,210,1.28 MB,3:30,1.28 MB,
Job022,191,1.17 MB,3:11,1.17 MB,
Job023,111,697.70 KB,1:51,697.70 KB,
Job024,179,1.12 MB,2:59,1.12 MB,
Job025,38,223.58 KB,0:38,223.58 KB,
Job026,88,545.17 KB,1:28,545.17 KB,
Job027,150,952.37 KB,2:30,952.37 KB,
Job028,162,1013.86 KB,2:42,1013.86 KB,
Job029,159,1016.40 KB,2:39,1016.40 KB,
Job030,217,1.30 MB,3:37,1.30 MB,
Job031,272,1.67 MB,4:32,1.67 MB,
Job032,152,979.29 KB,2:32,979.29 KB,
Job033,210,1.28 MB,3:30,1.28 MB,
Job034,246,1.48 MB,4:06,1.48 MB,
Job035,110,686.47 KB,1:50,686.47 KB,
Job036,213,1.29 MB,3:33,1.29 MB,
Job037,169,1020.76 KB,2:49,1020.76 KB,
Job038,250,1.48 MB,4:10,1.48 MB,
Job039,198,1.16 MB,3:18,1.16 MB,
Job040,147,893.84 KB,2:27,893.84 KB,
Job041,220,1.31 MB,3:40,1.31 MB,
Job042,179,1.06 MB,2:59,1.06 MB,
Joe001,185,1.17 MB,3:05,1.17 MB,
Joe002,333,2.06 MB,5:33,2.06 MB,
Joe003,206,1.28 MB,3:26,1.28 MB,
Joh001,377,2.29 MB,6:17,2.29 MB,
Joh002,176,1.09 MB,2:56,1.09 MB,
Joh003,265,1.62 MB,4:25,1.62 MB,
Joh004,368,2.31 MB,6:08,2.31 MB,
Joh005,346,2.21 MB,5:46,2.21 MB,
Joh006,516,3.20 MB,8:36,3.20 MB,
Joh007,371,2.29 MB,6:11,2.29 MB,
Joh008,474,2.96 MB,7:54,2.96 MB,
Joh009,300,1.86 MB,5:00,1.86 MB,
Joh010,288,1.79 MB,4:48,1.79 MB,
Joh011,403,2.50 MB,6:43,2.50 MB,
Joh012,400,2.44 MB,6:40,2.44 MB,
Joh013,306,1.88 MB,5:06,1.88 MB,
Joh014,281,1.73 MB,4:41,1.73 MB,
Joh015,218,1.36 MB,3:38,1.36 MB,
Joh016,275,1.69 MB,4:35,1.69 MB,
Joh017,254,1.57 MB,4:14,1.57 MB,
Joh018,348,2.17 MB,5:48,2.17 MB,
Joh019,370,2.13 MB,6:10,2.13 MB,
Joh020,263,1.53 MB,4:23,1.53 MB,
Joh021,262,1.54 MB,4:22,1.54 MB,
Jon001,174,1.07 MB,2:54,1.07 MB,
Jon002,84,523.69 KB,1:24,523.69 KB,
Jon003,92,575.92 KB,1:32,575.92 KB,
Jon004,118,750.61 KB,1:58,750.61 KB,
Jos001,212,1.28 MB,3:32,1.28 MB,
Jos002,259,1.58 MB,4:19,1.58 MB,
Jos003,186,1.13 MB,3:06,1.13 MB,
Jos004,230,1.41 MB,3:50,1.41 MB,
Jos005,182,1.11 MB,3:02,1.11 MB,
Jos006,309,1.90 MB,5:09,1.90 MB,
Jos007,343,2.14 MB,5:43,2.14 MB,
Jos008,378,2.32 MB,6:18,2.32 MB,
Jos009,289,1.78 MB,4:49,1.78 MB,
Jos010,488,3.10 MB,8:08,3.10 MB,
Jos011,246,1.52 MB,4:06,1.52 MB,
Jos012,173,1.09 MB,2:53,1.09 MB,
Jos013,317,1.97 MB,5:17,1.97 MB,
Jos014,178,1.13 MB,2:58,1.13 MB,
Jos015,390,2.46 MB,6:30,2.46 MB,
Jos016,91,586.65 KB,1:31,586.65 KB,
Jos017,242,1.51 MB,4:02,1.51 MB,
Jos018,263,1.66 MB,4:23,1.66 MB,
Jos019,363,2.29 MB,6:03,2.29 MB,
Jos020,108,688.52 KB,1:48,688.52 KB,
Jos021,373,2.37 MB,6:13,2.37 MB,
Jos022,456,2.94 MB,7:36,2.94 MB,
Jos023,204,1.25 MB,3:24,1.25 MB,
Jos024,409,2.53 MB,6:49,2.53 MB,
Jud001,249,1.53 MB,4:09,1.53 MB,
Lam001,294,1.85 MB,4:54,1.85 MB,
Lam002,289,1.79 MB,4:49,1.79 MB,
Lam003,326,2.01 MB,5:26,2.01 MB,
Lam004,205,1.29 MB,3:25,1.29 MB,
Lam005,127,793.01 KB,2:07,793.01 KB,
Lev001,175,1.05 MB,2:55,1.05 MB,
Lev002,158,979.77 KB,2:38,979.77 KB,
Lev003,166,1.01 MB,2:46,1.01 MB,
Lev004,322,1.96 MB,5:22,1.96 MB,
Lev005,243,1.52 MB,4:03,1.52 MB,
Lev006,292,1.79 MB,4:52,1.79 MB,
Lev007,349,2.21 MB,5:49,2.21 MB,
Lev008,348,2.17 MB,5:48,2.17 MB,
Lev009,225,1.40 MB,3:45,1.40 MB,
Lev010,239,1.52 MB,3:59,1.52 MB,
Lev011,375,2.39 MB,6:15,2.39 MB,
Lev012,96,606.47 KB,1:36,606.47 KB,
Lev013,569,3.61 MB,9:29,3.61 MB,
Lev014,493,3.18 MB,8:13,3.18 MB,
Lev015,303,1.90 MB,5:03,1.90 MB,
Lev016,355,2.19 MB,5:55,2.19 MB,
Lev017,180,1.09 MB,3:00,1.09 MB,
Lev018,257,1.57 MB,4:17,1.57 MB,
Lev019,343,2.10 MB,5:43,2.10 MB,
Lev020,310,1.89 MB,5:10,1.89 MB,
Lev021,224,1.37 MB,3:44,1.37 MB,
Lev022,322,1.97 MB,5:22,1.97 MB,
Lev023,423,2.65 MB,7:03,2.65 MB,
Lev024,205,1.28 MB,3:25,1.28 MB,
Lev025,529,3.26 MB,8:49,3.26 MB,
Lev026,466,2.92 MB,7:46,2.92 MB,
Lev027,315,1.97 MB,5:15,1.97 MB,
Luk001,510,3.17 MB,8:30,3.17 MB,
Luk002,336,2.11 MB,5:36,2.11 MB,
Luk003,307,1.92 MB,5:07,1.92 MB,
Luk004,325,1.96 MB,5:25,1.96 MB,
Luk005,317,1.93 MB,5:17,1.93 MB,
Luk006,384,2.36 MB,6:24,2.36 MB,
Luk007,416,2.57 MB,6:56,2.57 MB,
Luk008,441,2.77 MB,7:21,2.77 MB,
Luk009,487,2.99 MB,8:07,2.99 MB,
Luk010,334,2.12 MB,5:34,2.12 MB,
Luk011,416,2.66 MB,6:56,2.66 MB,
Luk012,470,3.00 MB,7:50,3.00 MB,
Luk013,292,1.88 MB,4:52,1.88 MB,
Luk014,271,1.76 MB,4:31,1.76 MB,
Luk015,237,1.54 MB,3:57,1.54 MB,
Luk016,276,1.78 MB,4:36,1.78 MB,
Luk017,259,1.68 MB,4:19,1.68 MB,
Luk018,325,2.00 MB,5:25,2.00 MB,
Luk019,330,2.04 MB,5:30,2.04 MB,
Luk020,240,1.50 MB,4:00,1.50 MB,
Luk021,265,1.66 MB,4:25,1.66 MB,
Luk022,493,3.16 MB,8:13,3.16 MB,
Luk023,371,2.35 MB,6:11,2.35 MB,
Luk024,351,2.22 MB,5:51,2.22 MB,
Mal001,203,1.26 MB,3:23,1.26 MB,
Mal002,223,1.39 MB,3:43,1.39 MB,
Mal003,216,1.35 MB,3:36,1.35 MB,
Mal004,69,440.45 KB,1:09,440.45 KB,
Mar001,310,1.87 MB,5:10,1.87 MB,
Mar002,237,1.44 MB,3:57,1.44 MB,
Mar003,231,1.37 MB,3:51,1.37 MB,
Mar004,277,1.72 MB,4:37,1.72 MB,
Mar005,305,1.91 MB,5:05,1.91 MB,
Mar006,415,2.57 MB,6:55,2.57 MB,
Mar007,279,1.74 MB,4:39,1.74 MB,
Mar008,269,1.67 MB,4:29,1.67 MB,
Mar009,402,2.53 MB,6:42,2.53 MB,
Mar010,413,2.58 MB,6:53,2.58 MB,
Mar011,262,1.65 MB,4:22,1.65 MB,
Mar012,370,2.33 MB,6:10,2.33 MB,
Mar013,280,1.76 MB,4:40,1.76 MB,
Mar014,570,3.61 MB,9:30,3.61 MB,
Mar015,318,1.99 MB,5:18,1.99 MB,
Mar016,161,1.02 MB,2:41,1.02 MB,
Mat001,176,1.09 MB,2:56,1.09 MB,
Mat002,190,1.18 MB,3:10,1.18 MB,
Mat003,138,846.99 KB,2:18,846.99 KB,
Mat004,192,1.19 MB,3:12,1.19 MB,
Mat005,357,2.17 MB,5:57,2.17 MB,
Mat006,305,1.88 MB,5:05,1.88 MB,
Mat007,215,1.34 MB,3:35,1.34 MB,
Mat008,263,1.61 MB,4:23,1.61 MB,
Mat009,292,1.83 MB,4:52,1.83 MB,
Mat010,320,1.99 MB,5:20,1.99 MB,
Mat011,243,1.50 MB,4:03,1.50 MB,
Mat012,374,2.35 MB,6:14,2.35 MB,
Mat013,405,2.48 MB,6:45,2.48 MB,
Mat014,217,1.35 MB,3:37,1.35 MB,
Mat015,270,1.70 MB,4:30,1.70 MB,
Mat016,224,1.39 MB,3:44,1.39 MB,
Mat017,220,1.38 MB,3:40,1.38 MB,
Mat018,275,1.69 MB,4:35,1.69 MB,
Mat019,249,1.52 MB,4:09,1.52 MB,
Mat020,247,1.53 MB,4:07,1.53 MB,
Mat021,369,2.32 MB,6:09,2.32 MB,
Mat022,280,1.74 MB,4:40,1.74 MB,
Mat023,294,1.83 MB,4:54,1.83 MB,
Mat024,323,1.99 MB,5:23,1.99 MB,
Mat025,333,2.07 MB,5:33,2.07 MB,
Mat026,564,3.52 MB,9:24,3.52 MB,
Mat027,462,2.83 MB,7:42,2.83 MB,
Mat028,149,938.25 KB,2:29,938.25 KB,
Mic001,163,1.01 MB,2:43,1.01 MB,
Mic002,139,896.08 KB,2:19,896.08 KB,
Mic003,120,776.07 KB,2:00,776.07 KB,
Mic004,156,1007.12 KB,2:36,1007.12 KB,
Mic005,139,907.15 KB,2:19,907.15 KB,
Mic006,163,1.02 MB,2:43,1.02 MB,
Mic007,198,1.24 MB,3:18,1.24 MB,
Nah001,145,917.44 KB,2:25,917.44 KB,
Nah002,129,807.23 KB,2:09,807.23 KB,
Nah003,180,1.12 MB,3:00,1.12 MB,
Neh001,137,858.74 KB,2:17,858.74 KB,
Neh002,244,1.55 MB,4:04,1.55 MB,
Neh003,324,2.03 MB,5:24,2.03 MB,
Neh004,236,1.49 MB,3:56,1.49 MB,
Neh005,228,1.45 MB,3:48,1.45 MB,
Neh006,203,1.32 MB,3:23,1.32 MB,
Neh007,399,2.57 MB,6:39,2.57 MB,
Neh008,235,1.53 MB,3:55,1.53 MB,
Neh009,494,3.22 MB,8:14,3.22 MB,
Neh010,258,1.68 MB,4:18,1.68 MB,
Neh011,316,2.01 MB,5:16,2.01 MB,
Neh012,395,2.60 MB,6:35,2.60 MB,
Neh013,356,2.32 MB,5:56,2.32 MB,
Num001,391,2.45 MB,6:31,2.45 MB,
Num002,244,1.52 MB,4:04,1.52 MB,
Num003,425,2.61 MB,7:05,2.61 MB,
Num004,394,2.46 MB,6:34,2.46 MB,
Num005,297,1.84 MB,4:57,1.84 MB,
Num006,262,1.60 MB,4:22,1.60 MB,
Num007,771,4.84 MB,12:51,4.84 MB,
Num008,257,1.60 MB,4:17,1.60 MB,
Num009,239,1.52 MB,3:59,1.52 MB,
Num010,294,1.83 MB,4:54,1.83 MB,
Num011,365,2.30 MB,6:05,2.30 MB,
Num012,157,988.13 KB,2:37,988.13 KB,
Num013,249,1.53 MB,4:09,1.53 MB,
Num014,437,2.80 MB,7:17,2.80 MB,
Num015,327,2.04 MB,5:27,2.04 MB,
Num016,486,3.03 MB,8:06,3.03 MB,
Num017,131,831.74 KB,2:11,831.74 KB,
Num018,373,2.38 MB,6:13,2.38 MB,
Num019,234,1.47 MB,3:54,1.47 MB,
Num020,295,1.84 MB,4:55,1.84 MB,
Num021,338,2.13 MB,5:38,2.13 MB,
Num022,421,2.65 MB,7:01,2.65 MB,
Num023,307,1.97 MB,5:07,1.97 MB,
Num024,248,1.56 MB,4:08,1.56 MB,
Num025,164,1.03 MB,2:44,1.03 MB,
Num026,513,3.22 MB,8:33,3.22 MB,
Num027,205,1.28 MB,3:25,1.28 MB,
Num028,254,1.57 MB,4:14,1.57 MB,
Num029,338,2.08 MB,5:38,2.08 MB,
Num030,179,1.11 MB,2:59,1.11 MB,
Num031,425,2.64 MB,7:05,2.64 MB,
Num032,394,2.43 MB,6:34,2.43 MB,
Num033,306,1.92 MB,5:06,1.92 MB,
Num034,200,1.24 MB,3:20,1.24 MB,
Num035,306,1.94 MB,5:06,1.94 MB,
Num036,154,1001.74 KB,2:34,1001.74 KB,
Oba001,230,1.41 MB,3:50,1.41 MB,
Phi001,228,1.38 MB,3:48,1.38 MB,
Phi002,213,1.29 MB,3:33,1.29 MB,
Phi003,172,1.04 MB,2:52,1.04 MB,
Phi004,198,1.16 MB,3:18,1.16 MB,
Phm001,168,1.04 MB,2:48,1.04 MB,
Pro001,240,1.43 MB,4:00,1.43 MB,
Pro002,130,799.81 KB,2:10,799.81 KB,
Pro003,236,1.39 MB,3:56,1.39 MB,
Pro004,183,1.09 MB,3:03,1.09 MB,
Pro005,155,956.37 KB,2:35,956.37 KB,
Pro006,230,1.39 MB,3:50,1.39 MB,
Pro007,157,978.21 KB,2:37,978.21 KB,
Pro008,236,1.41 MB,3:56,1.41 MB,
Pro009,114,677.21 KB,1:54,677.21 KB,
Pro010,209,1.20 MB,3:29,1.20 MB,
Pro011,221,1.28 MB,3:41,1.28 MB,
Pro012,202,1.16 MB,3:22,1.16 MB,
Pro013,182,1.05 MB,3:02,1.05 MB,
Pro014,252,1.46 MB,4:12,1.46 MB,
Pro015,232,1.33 MB,3:52,1.33 MB,
Pro016,257,1.52 MB,4:17,1.52 MB,
Pro017,215,1.26 MB,3:35,1.26 MB,
Pro018,176,1.02 MB,2:56,1.02 MB,
Pro019,216,1.30 MB,3:36,1.30 MB,
Pro020,229,1.34 MB,3:49,1.34 MB,
Pro021,222,1.27 MB,3:42,1.27 MB,
Pro022,205,1.21 MB,3:25,1.21 MB,
Pro023,254,1.50 MB,4:14,1.50 MB,
Pro024,245,1.46 MB,4:05,1.46 MB,
Pro025,198,1.18 MB,3:18,1.18 MB,
Pro026,198,1.18 MB,3:18,1.18 MB,
Pro027,196,1.17 MB,3:16,1.17 MB,
Pro028,210,1.24 MB,3:30,1.24 MB,
Pro029,199,1.18 MB,3:19,1.18 MB,
Pro030,252,1.50 MB,4:12,1.50 MB,
Pro031,206,1.24 MB,3:26,1.24 MB,
Psa001,57,325.44 KB,0:57,325.44 KB,
Psa002,96,558.67 KB,1:36,558.67 KB,
Psa003,71,410.30 KB,1:11,410.30 KB,
Psa004,80,461.70 KB,1:20,461.70 KB,
Psa005,112,658.29 KB,1:52,658.29 KB,
Psa006,80,467.22 KB,1:20,467.22 KB,
Psa007,139,792.91 KB,2:19,792.91 KB,
Psa008,76,436.53 KB,1:16,436.53 KB,
Psa009,179,1.02 MB,2:59,1.02 MB,
Psa010,166,992.45 KB,2:46,992.45 KB,
Psa011,60,353.95 KB,1:00,353.95 KB,
Psa012,70,404.96 KB,1:10,404.96 KB,
Psa013,66,378.29 KB,1:06,378.29 KB,
Psa014,74,427.58 KB,1:14,427.58 KB,
Psa015,49,283.88 KB,0:49,283.88 KB,
Psa016,96,558.48 KB,1:36,558.48 KB,
Psa017,135,789.37 KB,2:15,789.37 KB,
Psa018,408,2.36 MB,6:48,2.36 MB,
Psa019,116,679.81 KB,1:56,679.81 KB,
Psa020,79,458.53 KB,1:19,458.53 KB,
Psa021,111,633.37 KB,1:51,633.37 KB,
Psa022,256,1.47 MB,4:16,1.47 MB,
Psa023,61,344.97 KB,1:01,344.97 KB,
Psa024,88,494.91 KB,1:28,494.91 KB,
Psa025,171,991.12 KB,2:51,991.12 KB,
Psa026,84,498.40 KB,1:24,498.40 KB,
Psa027,148,889.24 KB,2:28,889.24 KB,
Psa028,106,616.48 KB,1:46,616.48 KB,
Psa029,92,537.21 KB,1:32,537.21 KB,
Psa030,115,684.52 KB,1:55,684.52 KB,
Psa031,228,1.34 MB,3:48,1.34 MB,
Psa032,103,602.38 KB,1:43,602.38 KB,
Psa033,153,899.21 KB,2:33,899.21 KB,
Psa034,158,926.67 KB,2:38,926.67 KB,
Psa035,242,1.45 MB,4:02,1.45 MB,
Psa036,109,635.93 KB,1:49,635.93 KB,
Psa037,285,1.67 MB,4:45,1.67 MB,
Psa038,159,959.22 KB,2:39,959.22 KB,
Psa039,131,780.34 KB,2:11,780.34 KB,
Psa040,187,1.10 MB,3:07,1.10 MB,
Psa041,110,669.38 KB,1:50,669.38 KB,
Psa042,124,752.58 KB,2:04,752.58 KB,
Psa043,68,398.17 KB,1:08,398.17 KB,
Psa044,212,1.23 MB,3:32,1.23 MB,
Psa045,156,926.00 KB,2:36,926.00 KB,
Psa046,92,560.27 KB,1:32,560.27 KB,
Psa047,69,408.56 KB,1:09,408.56 KB,
Psa048,97,578.63 KB,1:37,578.63 KB,
Psa049,153,931.40 KB,2:33,931.40 KB,
Psa050,166,1006.34 KB,2:46,1006.34 KB,
Psa051,161,950.49 KB,2:41,950.49 KB,
Psa052,76,461.34 KB,1:16,461.34 KB,
Psa053,65,389.79 KB,1:05,389.79 KB,
Psa054,63,363.96 KB,1:03,363.96 KB,
Psa055,193,1.11 MB,3:13,1.11 MB,
Psa056,109,650.85 KB,1:49,650.85 KB,
Psa057,120,690.93 KB,2:00,690.93 KB,
Psa058,91,547.03 KB,1:31,547.03 KB,
Psa059,160,930.89 KB,2:40,930.89 KB,
Psa060,99,572.51 KB,1:39,572.51 KB,
Psa061,62,361.30 KB,1:02,361.30 KB,
Psa062,114,660.72 KB,1:54,660.72 KB,
Psa063,87,514.70 KB,1:27,514.70 KB,
Psa064,84,492.48 KB,1:24,492.48 KB,
Psa065,109,645.56 KB,1:49,645.56 KB,
Psa066,157,945.85 KB,2:37,945.85 KB,
Psa067,63,367.83 KB,1:03,367.83 KB,
Psa068,321,1.87 MB,5:21,1.87 MB,
Psa069,294,1.71 MB,4:54,1.71 MB,
Psa070,51,295.05 KB,0:51,295.05 KB,
Psa071,211,1.23 MB,3:31,1.23 MB,
Psa072,148,893.08 KB,2:28,893.08 KB,
Psa073,180,1.07 MB,3:00,1.07 MB,
Psa074,182,1.05 MB,3:02,1.05 MB,
Psa075,77,459.36 KB,1:17,459.36 KB,
Psa076,89,521.19 KB,1:29,521.19 KB,
Psa077,139,831.62 KB,2:19,831.62 KB,
Psa078,503,3.00 MB,8:23,3.00 MB,
Psa079,119,713.92 KB,1:59,713.92 KB,
Psa080,142,830.21 KB,2:22,830.21 KB,
Psa081,127,761.06 KB,2:07,761.06 KB,
Psa082,60,350.47 KB,1:00,350.47 KB,
Psa083,121,729.04 KB,2:01,729.04 KB,
Psa084,104,613.09 KB,1:44,613.09 KB,
Psa085,92,537.67 KB,1:32,537.67 KB,
Psa086,151,872.97 KB,2:31,872.97 KB,
Psa087,56,337.59 KB,0:56,337.59 KB,
Psa088,145,838.45 KB,2:25,838.45 KB,
Psa089,395,2.30 MB,6:35,2.30 MB,
Psa090,133,782.74 KB,2:13,782.74 KB,
Psa091,123,727.29 KB,2:03,727.29 KB,
Psa092,107,634.65 KB,1:47,634.65 KB,
Psa093,49,280.42 KB,0:49,280.42 KB,
Psa094,157,945.69 KB,2:37,945.69 KB,
Psa095,84,495.43 KB,1:24,495.43 KB,
Psa096,110,635.06 KB,1:50,635.06 KB,
Psa097,87,509.47 KB,1:27,509.47 KB,
Psa098,76,449.52 KB,1:16,449.52 KB,
Psa099,86,496.01 KB,1:26,496.01 KB,
Psa100,46,268.10 KB,0:46,268.10 KB,
Psa101,73,431.54 KB,1:13,431.54 KB,
Psa102,191,1.11 MB,3:11,1.11 MB,
Psa103,161,947.35 KB,2:41,947.35 KB,
Psa104,253,1.46 MB,4:13,1.46 MB,
Psa105,298,1.76 MB,4:58,1.76 MB,
Psa106,335,1.99 MB,5:35,1.99 MB,
Psa107,277,1.62 MB,4:37,1.62 MB,
Psa108,107,617.11 KB,1:47,617.11 KB,
Psa109,213,1.25 MB,3:33,1.25 MB,
Psa110,62,365.50 KB,1:02,365.50 KB,
Psa111,85,508.12 KB,1:25,508.12 KB,
Psa112,81,479.81 KB,1:21,479.81 KB,
Psa113,57,343.00 KB,0:57,343.00 KB,
Psa114,57,326.07 KB,0:57,326.07 KB,
Psa115,132,770.43 KB,2:12,770.43 KB,
Psa116,131,764.75 KB,2:11,764.75 KB,
Psa117,23,128.97 KB,0:23,128.97 KB,
Psa118,206,1.21 MB,3:26,1.21 MB,
Psa119,1218,6.98 MB,20:18,6.98 MB,
Psa120,45,263.83 KB,0:45,263.83 KB,
Psa121,57,330.52 KB,0:57,330.52 KB,
Psa122,65,385.11 KB,1:05,385.11 KB,
Psa123,42,234.72 KB,0:42,234.72 KB,
Psa124,56,324.76 KB,0:56,324.76 KB,
Psa125,49,279.73 KB,0:49,279.73 KB,
Psa126,50,282.24 KB,0:50,282.24 KB,
Psa127,50,291.56 KB,0:50,291.56 KB,
Psa128,46,267.27 KB,0:46,267.27 KB,
Psa129,57,331.18 KB,0:57,331.18 KB,
Psa130,60,341.47 KB,1:00,341.47 KB,
Psa131,36,212.71 KB,0:36,212.71 KB,
Psa132,130,765.92 KB,2:10,765.92 KB,
Psa133,29,169.36 KB,0:29,169.36 KB,
Psa134,24,127.09 KB,0:24,127.09 KB,
Psa135,150,891.24 KB,2:30,891.24 KB,
Psa136,182,1.06 MB,3:02,1.06 MB,
Psa137,76,465.47 KB,1:16,465.47 KB,
Psa138,82,484.97 KB,1:22,484.97 KB,
Psa139,181,1.08 MB,3:01,1.08 MB,
Psa140,121,719.53 KB,2:01,719.53 KB,
Psa141,92,552.03 KB,1:32,552.03 KB,
Psa142,72,450.14 KB,1:12,450.14 KB,
Psa143,118,702.31 KB,1:58,702.31 KB,
Psa144,138,815.72 KB,2:18,815.72 KB,
Psa145,157,939.16 KB,2:37,939.16 KB,
Psa146,86,518.68 KB,1:26,518.68 KB,
Psa147,143,853.49 KB,2:23,853.49 KB,
Psa148,100,595.56 KB,1:40,595.56 KB,
Psa149,68,408.02 KB,1:08,408.02 KB,
Psa150,46,267.00 KB,0:46,267.00 KB,
Rev001,192,1.14 MB,3:12,1.14 MB,
Rev002,267,1.63 MB,4:27,1.63 MB,
Rev003,221,1.34 MB,3:41,1.34 MB,
Rev004,122,730.39 KB,2:02,730.39 KB,
Rev005,139,852.53 KB,2:19,852.53 KB,
Rev006,157,954.22 KB,2:37,954.22 KB,
Rev007,155,963.21 KB,2:35,963.21 KB,
Rev008,110,691.53 KB,1:50,691.53 KB,
Rev009,171,1.03 MB,2:51,1.03 MB,
Rev010,104,647.69 KB,1:44,647.69 KB,
Rev011,184,1.11 MB,3:04,1.11 MB,
Rev012,162,1005.25 KB,2:42,1005.25 KB,
Rev013,165,1012.21 KB,2:45,1012.21 KB,
Rev014,215,1.28 MB,3:35,1.28 MB,
Rev015,85,514.53 KB,1:25,514.53 KB,
Rev016,185,1.12 MB,3:05,1.12 MB,
Rev017,172,1.04 MB,2:52,1.04 MB,
Rev018,251,1.55 MB,4:11,1.55 MB,
Rev019,207,1.25 MB,3:27,1.25 MB,
Rev020,148,905.41 KB,2:28,905.41 KB,
Rev021,248,1.51 MB,4:08,1.51 MB,
Rev022,193,1.19 MB,3:13,1.19 MB,
Rom001,289,1.79 MB,4:49,1.79 MB,
Rom002,222,1.36 MB,3:42,1.36 MB,
Rom003,231,1.40 MB,3:51,1.40 MB,
Rom004,186,1.13 MB,3:06,1.13 MB,
Rom005,196,1.20 MB,3:16,1.20 MB,
Rom006,193,1.17 MB,3:13,1.17 MB,
Rom007,222,1.36 MB,3:42,1.36 MB,
Rom008,310,1.89 MB,5:10,1.89 MB,
Rom009,263,1.61 MB,4:23,1.61 MB,
Rom010,174,1.05 MB,2:54,1.05 MB,
Rom011,296,1.80 MB,4:56,1.80 MB,
Rom012,149,940.25 KB,2:29,940.25 KB,
Rom013,135,852.06 KB,2:15,852.06 KB,
Rom014,194,1.20 MB,3:14,1.20 MB,
Rom015,278,1.73 MB,4:38,1.73 MB,
Rom016,208,1.30 MB,3:28,1.30 MB,
Rut001,250,1.60 MB,4:10,1.60 MB,
Rut002,268,1.73 MB,4:28,1.73 MB,
Rut003,203,1.29 MB,3:23,1.29 MB,
Rut004,235,1.50 MB,3:55,1.50 MB,
Sol001,132,815.69 KB,2:12,815.69 KB,
Sol002,144,888.11 KB,2:24,888.11 KB,
Sol003,101,639.21 KB,1:41,639.21 KB,
Sol004,153,958.57 KB,2:33,958.57 KB,
Sol005,172,1.07 MB,2:52,1.07 MB,
Sol006,129,805.65 KB,2:09,805.65 KB,
Sol007,116,729.12 KB,1:56,729.12 KB,
Sol008,147,918.41 KB,2:27,918.41 KB,
Tit001,140,902.52 KB,2:20,902.52 KB,
Tit002,108,677.96 KB,1:48,677.96 KB,
Tit003,126,789.01 KB,2:06,789.01 KB,
Zec001,229,1.44 MB,3:49,1.44 MB,
Zec002,111,710.43 KB,1:51,710.43 KB,
Zec003,107,675.07 KB,1:47,675.07 KB,
Zec004,143,904.06 KB,2:23,904.06 KB,
Zec005,109,688.72 KB,1:49,688.72 KB,
Zec006,130,822.62 KB,2:10,822.62 KB,
Zec007,122,783.39 KB,2:02,783.39 KB,
Zec008,238,1.50 MB,3:58,1.50 MB,
Zec009,189,1.18 MB,3:09,1.18 MB,
Zec010,137,881.45 KB,2:17,881.45 KB,
Zec011,180,1.12 MB,3:00,1.12 MB,
Zec012,150,949.42 KB,2:30,949.42 KB,
Zec013,103,652.24 KB,1:43,652.24 KB,
Zec014,224,1.42 MB,3:44,1.42 MB,
Zep001,181,1.13 MB,3:01,1.13 MB,
Zep002,159,1014.53 KB,2:39,1014.53 KB,
Zep003,212,1.33 MB,3:32,1.33 MB,
